pdb,Type
6LU7,in both pdbe and pdbj
6LVN,in both pdbe and pdbj
6LXT,in both pdbe and pdbj
6VSB,in both pdbe and pdbj
6VW1,not in pdbe but in pdbj
6VWW,in both pdbe and pdbj
6VXS,in both pdbe and pdbj
6Y2E,in both pdbe and pdbj
6Y2F,in both pdbe and pdbj
6Y2G,in both pdbe and pdbj
5R7Y,in both pdbe and pdbj
5R7Z,in both pdbe and pdbj
5R80,in both pdbe and pdbj
5R81,in both pdbe and pdbj
5R82,in both pdbe and pdbj
5R83,in both pdbe and pdbj
5R84,in both pdbe and pdbj
6M03,in both pdbe and pdbj
6M17,not in pdbe but in pdbj
6VXX,in both pdbe and pdbj
6VYB,in both pdbe and pdbj
6VYO,in both pdbe and pdbj
6W01,in both pdbe and pdbj
6W02,in both pdbe and pdbj
6Y84,in both pdbe and pdbj
6LZG,not in pdbe but in pdbj
6M0J,not in pdbe but in pdbj
6M3M,in both pdbe and pdbj
6W4B,in both pdbe and pdbj
6W4H,in both pdbe and pdbj
5RE4,in both pdbe and pdbj
5RE5,in both pdbe and pdbj
5RE6,in both pdbe and pdbj
5RE7,in both pdbe and pdbj
5RE8,in both pdbe and pdbj
5RE9,in both pdbe and pdbj
5REA,in both pdbe and pdbj
5REB,in both pdbe and pdbj
5REC,in both pdbe and pdbj
5RED,in both pdbe and pdbj
5REE,in both pdbe and pdbj
5REF,in both pdbe and pdbj
5REG,in both pdbe and pdbj
5REH,in both pdbe and pdbj
5REI,in both pdbe and pdbj
5REJ,in both pdbe and pdbj
5REK,in both pdbe and pdbj
5REL,in both pdbe and pdbj
5REM,in both pdbe and pdbj
5REN,in both pdbe and pdbj
5REO,in both pdbe and pdbj
5REP,in both pdbe and pdbj
5RER,in both pdbe and pdbj
5RES,in both pdbe and pdbj
5RET,in both pdbe and pdbj
5REU,in both pdbe and pdbj
5REV,in both pdbe and pdbj
5REW,in both pdbe and pdbj
5REX,in both pdbe and pdbj
5REY,in both pdbe and pdbj
5REZ,in both pdbe and pdbj
5RF0,in both pdbe and pdbj
5RF1,in both pdbe and pdbj
5RF2,in both pdbe and pdbj
5RF3,in both pdbe and pdbj
5RF4,in both pdbe and pdbj
5RF5,in both pdbe and pdbj
5RF6,in both pdbe and pdbj
5RF7,in both pdbe and pdbj
5RF8,in both pdbe and pdbj
5RF9,in both pdbe and pdbj
5RFA,in both pdbe and pdbj
5RFB,in both pdbe and pdbj
5RFC,in both pdbe and pdbj
5RFD,in both pdbe and pdbj
5RFE,in both pdbe and pdbj
5RFF,in both pdbe and pdbj
5RFG,in both pdbe and pdbj
5RFH,in both pdbe and pdbj
5RFI,in both pdbe and pdbj
5RFJ,in both pdbe and pdbj
5RFK,in both pdbe and pdbj
5RFL,in both pdbe and pdbj
5RFM,in both pdbe and pdbj
5RFN,in both pdbe and pdbj
5RFO,in both pdbe and pdbj
5RFP,in both pdbe and pdbj
5RFQ,in both pdbe and pdbj
5RFR,in both pdbe and pdbj
5RFS,in both pdbe and pdbj
5RFT,in both pdbe and pdbj
5RFU,in both pdbe and pdbj
5RFV,in both pdbe and pdbj
5RFW,in both pdbe and pdbj
5RFX,in both pdbe and pdbj
5RFY,in both pdbe and pdbj
5RFZ,in both pdbe and pdbj
5RG0,in both pdbe and pdbj
6W41,not in pdbe but in pdbj
6W61,in both pdbe and pdbj
6W63,in both pdbe and pdbj
6W6Y,in both pdbe and pdbj
6W75,in both pdbe and pdbj
6YB7,in both pdbe and pdbj
5R8T,in both pdbe and pdbj
6M71,in both pdbe and pdbj
6W9C,in both pdbe and pdbj
6W9Q,in both pdbe and pdbj
6YI3,in both pdbe and pdbj
7BTF,in both pdbe and pdbj
5RG1,in both pdbe and pdbj
5RG2,in both pdbe and pdbj
5RG3,in both pdbe and pdbj
5RGG,in both pdbe and pdbj
5RGH,in both pdbe and pdbj
5RGI,in both pdbe and pdbj
5RGJ,in both pdbe and pdbj
5RGK,in both pdbe and pdbj
5RGL,in both pdbe and pdbj
5RGM,in both pdbe and pdbj
5RGN,in both pdbe and pdbj
5RGO,in both pdbe and pdbj
5RGP,in both pdbe and pdbj
5RGQ,in both pdbe and pdbj
5RGR,in both pdbe and pdbj
5RGS,in both pdbe and pdbj
6M2N,in both pdbe and pdbj
6M2Q,in both pdbe and pdbj
6WCF,in both pdbe and pdbj
6WEN,in both pdbe and pdbj
6YLA,not in pdbe but in pdbj
6WIQ,in both pdbe and pdbj
6WJI,in both pdbe and pdbj
6WJT,in both pdbe and pdbj
7BQY,in both pdbe and pdbj
7BV1,in both pdbe and pdbj
7BV2,in both pdbe and pdbj
6LZE,in both pdbe and pdbj
6M0K,in both pdbe and pdbj
6W37,in both pdbe and pdbj
6WEY,in both pdbe and pdbj
6WKP,in both pdbe and pdbj
6WKQ,in both pdbe and pdbj
6WLC,in both pdbe and pdbj
6YHU,in both pdbe and pdbj
6YM0,not in pdbe but in pdbj
6YNQ,in both pdbe and pdbj
6YOR,not in pdbe but in pdbj
7BUY,in both pdbe and pdbj
6WKS,in both pdbe and pdbj
6WNP,in both pdbe and pdbj
6WOJ,in both pdbe and pdbj
6WQ3,in both pdbe and pdbj
6WQD,in both pdbe and pdbj
6WQF,in both pdbe and pdbj
6WRH,in both pdbe and pdbj
6YWK,in both pdbe and pdbj
6YWL,in both pdbe and pdbj
6YWM,in both pdbe and pdbj
6WRZ,in both pdbe and pdbj
6WTC,in both pdbe and pdbj
6WVN,in both pdbe and pdbj
6YVA,in both pdbe and pdbj
6YYT,in both pdbe and pdbj
6YZ1,in both pdbe and pdbj
7BRO,in both pdbe and pdbj
7BRP,in both pdbe and pdbj
7BZ5,not in pdbe but in pdbj
6WTJ,in both pdbe and pdbj
6WTK,in both pdbe and pdbj
6WTM,in both pdbe and pdbj
6WTT,in both pdbe and pdbj
6WUU,in both pdbe and pdbj
6WX4,in both pdbe and pdbj
6WXC,in both pdbe and pdbj
6WXD,in both pdbe and pdbj
6YUN,in both pdbe and pdbj
6YVF,in both pdbe and pdbj
7C22,in both pdbe and pdbj
5RGT,in both pdbe and pdbj
5RGU,in both pdbe and pdbj
5RGV,in both pdbe and pdbj
5RGW,in both pdbe and pdbj
5RGX,in both pdbe and pdbj
5RGY,in both pdbe and pdbj
5RGZ,in both pdbe and pdbj
5RH0,in both pdbe and pdbj
5RH1,in both pdbe and pdbj
5RH2,in both pdbe and pdbj
5RH3,in both pdbe and pdbj
5RH4,in both pdbe and pdbj
5RH5,in both pdbe and pdbj
5RH6,in both pdbe and pdbj
5RH7,in both pdbe and pdbj
5RH8,in both pdbe and pdbj
5RH9,in both pdbe and pdbj
5RHA,in both pdbe and pdbj
6WPS,in both pdbe and pdbj
6WPT,in both pdbe and pdbj
6WZO,in both pdbe and pdbj
6WZQ,in both pdbe and pdbj
6WZU,in both pdbe and pdbj
6X1B,in both pdbe and pdbj
6X29,in both pdbe and pdbj
6X2A,in both pdbe and pdbj
6X2B,in both pdbe and pdbj
6X2C,in both pdbe and pdbj
7BW4,in both pdbe and pdbj
7C01,not in pdbe but in pdbj
7C2I,in both pdbe and pdbj
7C2J,in both pdbe and pdbj
6M1V,in both pdbe and pdbj
6X4I,in both pdbe and pdbj
6YZ5,not in pdbe but in pdbj
6YZ7,not in pdbe but in pdbj
6Z2M,not in pdbe but in pdbj
6Z43,in both pdbe and pdbj
7BWJ,not in pdbe but in pdbj
7BZF,in both pdbe and pdbj
7C2K,in both pdbe and pdbj
5RHB,in both pdbe and pdbj
5RHC,in both pdbe and pdbj
5RHD,in both pdbe and pdbj
5RHE,in both pdbe and pdbj
5RHF,in both pdbe and pdbj
6X6P,in both pdbe and pdbj
7BYR,in both pdbe and pdbj
6M5I,in both pdbe and pdbj
6XA4,in both pdbe and pdbj
6XA9,in both pdbe and pdbj
6XAA,in both pdbe and pdbj
6XB0,in both pdbe and pdbj
6XB1,in both pdbe and pdbj
6XB2,in both pdbe and pdbj
6XBG,in both pdbe and pdbj
6XBH,in both pdbe and pdbj
6XBI,in both pdbe and pdbj
6XCH,in both pdbe and pdbj
6XDC,in both pdbe and pdbj
6XDH,in both pdbe and pdbj
6Z2E,in both pdbe and pdbj
6Z4U,in both pdbe and pdbj
7BQ7,in both pdbe and pdbj
7C8R,in both pdbe and pdbj
7C8T,in both pdbe and pdbj
6XDG,not in pdbe but in pdbj
6XFN,in both pdbe and pdbj
6XG3,in both pdbe and pdbj
6ZCT,in both pdbe and pdbj
6ZCZ,not in pdbe but in pdbj
6ZER,not in pdbe but in pdbj
7C8U,in both pdbe and pdbj
7C8V,not in pdbe but in pdbj
7C8W,not in pdbe but in pdbj
7CAN,not in pdbe but in pdbj
6XCM,in both pdbe and pdbj
6XCN,in both pdbe and pdbj
6XE1,not in pdbe but in pdbj
6XHU,in both pdbe and pdbj
6XIP,in both pdbe and pdbj
6Z97,in both pdbe and pdbj
6ZCO,in both pdbe and pdbj
6ZDH,in both pdbe and pdbj
6ZGE,in both pdbe and pdbj
6ZGG,in both pdbe and pdbj
6ZGH,in both pdbe and pdbj
6ZGI,in both pdbe and pdbj
7C2L,in both pdbe and pdbj
6XC2,not in pdbe but in pdbj
6XC3,not in pdbe but in pdbj
6XC4,not in pdbe but in pdbj
6XC7,not in pdbe but in pdbj
6XHM,in both pdbe and pdbj
6XKF,in both pdbe and pdbj
6XKH,in both pdbe and pdbj
6XKM,in both pdbe and pdbj
6XMK,in both pdbe and pdbj
6ZFO,not in pdbe but in pdbj
6XKL,in both pdbe and pdbj
6XOA,in both pdbe and pdbj
6XEY,in both pdbe and pdbj
6XQS,in both pdbe and pdbj
6XQT,in both pdbe and pdbj
6XQU,in both pdbe and pdbj
6XR8,in both pdbe and pdbj
6XRA,in both pdbe and pdbj
6XS6,in both pdbe and pdbj
6ZOJ,in both pdbe and pdbj
6ZOX,in both pdbe and pdbj
6ZOY,in both pdbe and pdbj
6ZOZ,in both pdbe and pdbj
6ZP0,in both pdbe and pdbj
6ZP1,in both pdbe and pdbj
6ZP2,in both pdbe and pdbj
6XEZ,in both pdbe and pdbj
6XM5,in both pdbe and pdbj
6XQB,in both pdbe and pdbj
6ZBP,not in pdbe but in pdbj
6ZDG,not in pdbe but in pdbj
6ZHD,in both pdbe and pdbj
6ZLW,in both pdbe and pdbj
6ZM7,in both pdbe and pdbj
6ZN5,in both pdbe and pdbj
6ZOK,in both pdbe and pdbj
6ZON,in both pdbe and pdbj
6ZOW,in both pdbe and pdbj
6ZP4,in both pdbe and pdbj
6ZP5,in both pdbe and pdbj
6ZP7,in both pdbe and pdbj
6ZSL,in both pdbe and pdbj
7C7P,in both pdbe and pdbj
7JFQ,in both pdbe and pdbj
6WC1,in both pdbe and pdbj
6ZWV,in both pdbe and pdbj
7JIR,in both pdbe and pdbj
7JIT,in both pdbe and pdbj
7JIV,in both pdbe and pdbj
7JIW,in both pdbe and pdbj
6XLU,in both pdbe and pdbj
6XM0,in both pdbe and pdbj
6XM3,in both pdbe and pdbj
6XM4,in both pdbe and pdbj
6ZME,in both pdbe and pdbj
6ZRT,in both pdbe and pdbj
6ZRU,in both pdbe and pdbj
7CAH,not in pdbe but in pdbj
7JN2,in both pdbe and pdbj
6X79,in both pdbe and pdbj
6XR3,in both pdbe and pdbj
6XRZ,not in pdbe but in pdbj
6ZMI,in both pdbe and pdbj
6ZMO,in both pdbe and pdbj
6ZMT,in both pdbe and pdbj
7COM,in both pdbe and pdbj
6W79,not in pdbe but in pdbj
7CN9,in both pdbe and pdbj
7JHE,in both pdbe and pdbj
7JIB,in both pdbe and pdbj
7JJI,in both pdbe and pdbj
7JJJ,in both pdbe and pdbj
7JLT,in both pdbe and pdbj
7JMO,not in pdbe but in pdbj
7JMP,not in pdbe but in pdbj
7JPE,in both pdbe and pdbj
7JR3,in both pdbe and pdbj
7JR4,in both pdbe and pdbj
7JRN,in both pdbe and pdbj
7JTL,in both pdbe and pdbj
6XF5,in both pdbe and pdbj
6XF6,in both pdbe and pdbj
6ZH9,not in pdbe but in pdbj
7C2Q,in both pdbe and pdbj
7C2Y,in both pdbe and pdbj
7C6S,in both pdbe and pdbj
7C6U,in both pdbe and pdbj
7C8B,in both pdbe and pdbj
7C8D,not in pdbe but in pdbj
7CBT,in both pdbe and pdbj
7CDZ,in both pdbe and pdbj
7CE0,in both pdbe and pdbj
7CJD,in both pdbe and pdbj
7CJM,in both pdbe and pdbj
7CMD,in both pdbe and pdbj
7CTT,in both pdbe and pdbj
7JME,in both pdbe and pdbj
7JUN,in both pdbe and pdbj
7JU7,in both pdbe and pdbj
7JYC,in both pdbe and pdbj
7A5R,not in pdbe but in pdbj
7A5S,not in pdbe but in pdbj
7A91,not in pdbe but in pdbj
7A93,in both pdbe and pdbj
7A94,in both pdbe and pdbj
7A95,in both pdbe and pdbj
7A96,in both pdbe and pdbj
7A97,in both pdbe and pdbj
7CH4,not in pdbe but in pdbj
7CH5,not in pdbe but in pdbj
7CHB,not in pdbe but in pdbj
7CHC,not in pdbe but in pdbj
7CHE,not in pdbe but in pdbj
7CHF,not in pdbe but in pdbj
7CHH,in both pdbe and pdbj
7CX9,in both pdbe and pdbj
7JVZ,in both pdbe and pdbj
7JYY,in both pdbe and pdbj
7JZ0,in both pdbe and pdbj
6ZXN,in both pdbe and pdbj
7A98,in both pdbe and pdbj
7AAP,in both pdbe and pdbj
7CAI,in both pdbe and pdbj
7CAK,in both pdbe and pdbj
7D1O,in both pdbe and pdbj
7JKV,in both pdbe and pdbj
7JX6,in both pdbe and pdbj
7JZL,in both pdbe and pdbj
7JZM,not in pdbe but in pdbj
7JZN,in both pdbe and pdbj
7JZU,not in pdbe but in pdbj
7K1L,in both pdbe and pdbj
7K1O,in both pdbe and pdbj
7K3T,in both pdbe and pdbj
7K40,in both pdbe and pdbj
5RL6,in both pdbe and pdbj
5RL7,in both pdbe and pdbj
5RL8,in both pdbe and pdbj
5RL9,in both pdbe and pdbj
5RLB,in both pdbe and pdbj
5RLC,in both pdbe and pdbj
5RLD,in both pdbe and pdbj
5RLE,in both pdbe and pdbj
5RLF,in both pdbe and pdbj
5RLG,in both pdbe and pdbj
5RLH,in both pdbe and pdbj
5RLI,in both pdbe and pdbj
5RLJ,in both pdbe and pdbj
5RLK,in both pdbe and pdbj
5RLL,in both pdbe and pdbj
5RLM,in both pdbe and pdbj
5RLN,in both pdbe and pdbj
5RLO,in both pdbe and pdbj
5RLP,in both pdbe and pdbj
5RLQ,in both pdbe and pdbj
5RLR,in both pdbe and pdbj
5RLS,in both pdbe and pdbj
5RLT,in both pdbe and pdbj
5RLU,in both pdbe and pdbj
5RLV,in both pdbe and pdbj
5RLW,in both pdbe and pdbj
5RLY,in both pdbe and pdbj
5RLZ,in both pdbe and pdbj
5RM0,in both pdbe and pdbj
5RM1,in both pdbe and pdbj
5RM2,in both pdbe and pdbj
5RM3,in both pdbe and pdbj
5RM4,in both pdbe and pdbj
5RM5,in both pdbe and pdbj
5RM6,in both pdbe and pdbj
5RM7,in both pdbe and pdbj
5RM8,in both pdbe and pdbj
5RM9,in both pdbe and pdbj
5RMA,in both pdbe and pdbj
5RMB,in both pdbe and pdbj
5RMC,in both pdbe and pdbj
5RMD,in both pdbe and pdbj
5RME,in both pdbe and pdbj
5RMF,in both pdbe and pdbj
5RMG,in both pdbe and pdbj
5RMH,in both pdbe and pdbj
5RMI,in both pdbe and pdbj
5RMJ,in both pdbe and pdbj
5RMK,in both pdbe and pdbj
5RML,in both pdbe and pdbj
5RMM,in both pdbe and pdbj
6ZB4,in both pdbe and pdbj
6ZB5,in both pdbe and pdbj
7A92,not in pdbe but in pdbj
7CWB,in both pdbe and pdbj
7CWC,in both pdbe and pdbj
7K3G,in both pdbe and pdbj
7K3N,in both pdbe and pdbj
7K6D,in both pdbe and pdbj
7K6E,in both pdbe and pdbj
7K7P,in both pdbe and pdbj
7D3I,in both pdbe and pdbj
7D47,in both pdbe and pdbj
7JOY,in both pdbe and pdbj
7JP1,in both pdbe and pdbj
7JWB,in both pdbe and pdbj
7K43,in both pdbe and pdbj
7K45,not in pdbe but in pdbj
7K4N,in both pdbe and pdbj
6XKP,not in pdbe but in pdbj
6XKQ,not in pdbe but in pdbj
6ZPE,in both pdbe and pdbj
7JMW,not in pdbe but in pdbj
7JV2,not in pdbe but in pdbj
7JV4,in both pdbe and pdbj
7JV6,in both pdbe and pdbj
7JVA,not in pdbe but in pdbj
7JVC,in both pdbe and pdbj
7JW0,in both pdbe and pdbj
7JX3,not in pdbe but in pdbj
7K5I,in both pdbe and pdbj
7KAG,in both pdbe and pdbj
7A29,in both pdbe and pdbj
7K8M,not in pdbe but in pdbj
7K8S,in both pdbe and pdbj
7K8T,in both pdbe and pdbj
7K8U,in both pdbe and pdbj
7K8V,in both pdbe and pdbj
7K8W,in both pdbe and pdbj
7K8X,in both pdbe and pdbj
7K8Y,in both pdbe and pdbj
7K8Z,in both pdbe and pdbj
7K90,in both pdbe and pdbj
7K9P,in both pdbe and pdbj
7KDT,in both pdbe and pdbj
7ACT,in both pdbe and pdbj
7AKU,in both pdbe and pdbj
7D1M,in both pdbe and pdbj
7JJC,not in pdbe but in pdbj
7K9Z,not in pdbe but in pdbj
7KFI,in both pdbe and pdbj
7KG3,in both pdbe and pdbj
7KHP,in both pdbe and pdbj
7A4N,in both pdbe and pdbj
7ACS,in both pdbe and pdbj
7AD1,in both pdbe and pdbj
7CXM,in both pdbe and pdbj
7CXN,in both pdbe and pdbj
7D6H,in both pdbe and pdbj
7KDG,in both pdbe and pdbj
7KDH,in both pdbe and pdbj
7KDI,in both pdbe and pdbj
7KDJ,in both pdbe and pdbj
7KDK,in both pdbe and pdbj
7KDL,in both pdbe and pdbj
7KE4,in both pdbe and pdbj
7KE6,in both pdbe and pdbj
7KE7,in both pdbe and pdbj
7KE8,in both pdbe and pdbj
7KE9,in both pdbe and pdbj
7KEA,in both pdbe and pdbj
7KEB,in both pdbe and pdbj
7KEC,in both pdbe and pdbj
7C33,in both pdbe and pdbj
7CJF,not in pdbe but in pdbj
7CZ4,in both pdbe and pdbj
7D4F,in both pdbe and pdbj
7KJ2,in both pdbe and pdbj
7KJ3,in both pdbe and pdbj
7KJ4,in both pdbe and pdbj
7KJ5,in both pdbe and pdbj
7KKK,in both pdbe and pdbj
7KKL,in both pdbe and pdbj
7KL9,in both pdbe and pdbj
7CDI,not in pdbe but in pdbj
7CDJ,not in pdbe but in pdbj
7CT5,in both pdbe and pdbj
7KJR,in both pdbe and pdbj
7KOA,in both pdbe and pdbj
7KOJ,in both pdbe and pdbj
7KOK,in both pdbe and pdbj
7KOL,in both pdbe and pdbj
7KPH,in both pdbe and pdbj
5S6X,in both pdbe and pdbj
5S6Y,in both pdbe and pdbj
5S6Z,in both pdbe and pdbj
5S70,in both pdbe and pdbj
5S71,in both pdbe and pdbj
5S72,in both pdbe and pdbj
7A25,in both pdbe and pdbj
7DDD,in both pdbe and pdbj
7DDN,in both pdbe and pdbj
7JWY,in both pdbe and pdbj
5RL0,in both pdbe and pdbj
5RL1,in both pdbe and pdbj
5RL2,in both pdbe and pdbj
5RL3,in both pdbe and pdbj
5RL4,in both pdbe and pdbj
5RL5,in both pdbe and pdbj
6Z5T,in both pdbe and pdbj
6Z6I,in both pdbe and pdbj
6Z72,in both pdbe and pdbj
7A1U,in both pdbe and pdbj
7ABU,in both pdbe and pdbj
7ADW,in both pdbe and pdbj
7AF0,in both pdbe and pdbj
7AGA,in both pdbe and pdbj
7AHA,in both pdbe and pdbj
7AK4,in both pdbe and pdbj
7ALH,in both pdbe and pdbj
7ALI,in both pdbe and pdbj
7AMJ,in both pdbe and pdbj
7ANS,in both pdbe and pdbj
7AOL,in both pdbe and pdbj
7AP6,in both pdbe and pdbj
7APH,in both pdbe and pdbj
7AQI,in both pdbe and pdbj
7AQJ,in both pdbe and pdbj
7AR5,in both pdbe and pdbj
7AR6,in both pdbe and pdbj
7ARF,in both pdbe and pdbj
7AVD,in both pdbe and pdbj
7AWR,in both pdbe and pdbj
7AWS,in both pdbe and pdbj
7AWU,in both pdbe and pdbj
7AWW,in both pdbe and pdbj
7AX6,in both pdbe and pdbj
7AXM,in both pdbe and pdbj
7AXO,in both pdbe and pdbj
7AY7,in both pdbe and pdbj
7DCC,in both pdbe and pdbj
7DCX,in both pdbe and pdbj
7DD2,in both pdbe and pdbj
7DD8,in both pdbe and pdbj
7DK4,in both pdbe and pdbj
7DK5,in both pdbe and pdbj
7DK6,in both pdbe and pdbj
7DK7,in both pdbe and pdbj
7JQB,in both pdbe and pdbj
7JQC,in both pdbe and pdbj
7JVB,not in pdbe but in pdbj
7KEG,in both pdbe and pdbj
7KEH,in both pdbe and pdbj
7KF4,in both pdbe and pdbj
7KFV,not in pdbe but in pdbj
7KFW,not in pdbe but in pdbj
7KFX,not in pdbe but in pdbj
7KFY,not in pdbe but in pdbj
7KRX,in both pdbe and pdbj
7CYQ,in both pdbe and pdbj
7K0R,in both pdbe and pdbj
7KMB,not in pdbe but in pdbj
7KMS,in both pdbe and pdbj
7KMZ,in both pdbe and pdbj
7KNB,in both pdbe and pdbj
7KQO,in both pdbe and pdbj
7KQP,in both pdbe and pdbj
7KQW,in both pdbe and pdbj
7KR0,in both pdbe and pdbj
7KR1,in both pdbe and pdbj
7KVL,in both pdbe and pdbj
7KVR,in both pdbe and pdbj
5RS7,in both pdbe and pdbj
5RS8,in both pdbe and pdbj
5RS9,in both pdbe and pdbj
5RSB,in both pdbe and pdbj
5RSC,in both pdbe and pdbj
5RSD,in both pdbe and pdbj
5RSE,in both pdbe and pdbj
5RSF,in both pdbe and pdbj
5RSG,in both pdbe and pdbj
5RSH,in both pdbe and pdbj
5RSI,in both pdbe and pdbj
5RSJ,in both pdbe and pdbj
5RSK,in both pdbe and pdbj
5RSL,in both pdbe and pdbj
5RSM,in both pdbe and pdbj
5RSN,in both pdbe and pdbj
5RSO,in both pdbe and pdbj
5RSP,in both pdbe and pdbj
5RSQ,in both pdbe and pdbj
5RSR,in both pdbe and pdbj
5RSS,in both pdbe and pdbj
5RST,in both pdbe and pdbj
5RSU,in both pdbe and pdbj
5RSV,in both pdbe and pdbj
5RSW,in both pdbe and pdbj
5RSX,in both pdbe and pdbj
5RSY,in both pdbe and pdbj
5RSZ,in both pdbe and pdbj
5RT0,in both pdbe and pdbj
5RT1,in both pdbe and pdbj
5RT2,in both pdbe and pdbj
5RT3,in both pdbe and pdbj
5RT4,in both pdbe and pdbj
5RT5,in both pdbe and pdbj
5RT6,in both pdbe and pdbj
5RT7,in both pdbe and pdbj
5RT8,in both pdbe and pdbj
5RT9,in both pdbe and pdbj
5RTA,in both pdbe and pdbj
5RTB,in both pdbe and pdbj
5RTC,in both pdbe and pdbj
5RTD,in both pdbe and pdbj
5RTE,in both pdbe and pdbj
5RTF,in both pdbe and pdbj
5RTG,in both pdbe and pdbj
5RTH,in both pdbe and pdbj
5RTI,in both pdbe and pdbj
5RTJ,in both pdbe and pdbj
5RTK,in both pdbe and pdbj
5RTL,in both pdbe and pdbj
5RTM,in both pdbe and pdbj
5RTN,in both pdbe and pdbj
5RTO,in both pdbe and pdbj
5RTP,in both pdbe and pdbj
5RTQ,in both pdbe and pdbj
5RTR,in both pdbe and pdbj
5RTS,in both pdbe and pdbj
5RTT,in both pdbe and pdbj
5RTU,in both pdbe and pdbj
5RTV,in both pdbe and pdbj
5RTW,in both pdbe and pdbj
5RTX,in both pdbe and pdbj
5RTY,in both pdbe and pdbj
5RTZ,in both pdbe and pdbj
5RU0,in both pdbe and pdbj
5RU1,in both pdbe and pdbj
5RU2,in both pdbe and pdbj
5RU3,in both pdbe and pdbj
5RU4,in both pdbe and pdbj
5RU5,in both pdbe and pdbj
5RU6,in both pdbe and pdbj
5RU7,in both pdbe and pdbj
5RU8,in both pdbe and pdbj
5RU9,in both pdbe and pdbj
5RUA,in both pdbe and pdbj
5RUC,in both pdbe and pdbj
5RUD,in both pdbe and pdbj
5RUE,in both pdbe and pdbj
5RUF,in both pdbe and pdbj
5RUG,in both pdbe and pdbj
5RUH,in both pdbe and pdbj
5RUI,in both pdbe and pdbj
5RUJ,in both pdbe and pdbj
5RUK,in both pdbe and pdbj
5RUL,in both pdbe and pdbj
5RUM,in both pdbe and pdbj
5RUN,in both pdbe and pdbj
5RUO,in both pdbe and pdbj
5RUP,in both pdbe and pdbj
5RUQ,in both pdbe and pdbj
5RUR,in both pdbe and pdbj
5RUS,in both pdbe and pdbj
5RUT,in both pdbe and pdbj
5RUU,in both pdbe and pdbj
5RUV,in both pdbe and pdbj
5RUW,in both pdbe and pdbj
5RUX,in both pdbe and pdbj
5RUY,in both pdbe and pdbj
5RUZ,in both pdbe and pdbj
5RV0,in both pdbe and pdbj
5RV1,in both pdbe and pdbj
5RV2,in both pdbe and pdbj
5RV3,in both pdbe and pdbj
5RV4,in both pdbe and pdbj
5RV5,in both pdbe and pdbj
5RV6,in both pdbe and pdbj
5RV7,in both pdbe and pdbj
5RV8,in both pdbe and pdbj
5RV9,in both pdbe and pdbj
5RVA,in both pdbe and pdbj
5RVB,in both pdbe and pdbj
5RVC,in both pdbe and pdbj
5RVD,in both pdbe and pdbj
5RVE,in both pdbe and pdbj
5RVF,in both pdbe and pdbj
5RVG,in both pdbe and pdbj
5RVH,in both pdbe and pdbj
5RVI,in both pdbe and pdbj
5RVJ,in both pdbe and pdbj
5RVK,in both pdbe and pdbj
5RVL,in both pdbe and pdbj
5RVM,in both pdbe and pdbj
5RVN,in both pdbe and pdbj
5RVO,in both pdbe and pdbj
5RVP,in both pdbe and pdbj
5RVQ,in both pdbe and pdbj
5RVR,in both pdbe and pdbj
5RVS,in both pdbe and pdbj
5RVT,in both pdbe and pdbj
5RVU,in both pdbe and pdbj
5RVV,in both pdbe and pdbj
7B3O,not in pdbe but in pdbj
7CAB,in both pdbe and pdbj
7CWM,in both pdbe and pdbj
7CWN,in both pdbe and pdbj
7CWO,not in pdbe but in pdbj
7CWS,in both pdbe and pdbj
7CWU,in both pdbe and pdbj
7DF3,in both pdbe and pdbj
7DF4,in both pdbe and pdbj
7DK3,in both pdbe and pdbj
7KNE,in both pdbe and pdbj
7KNH,in both pdbe and pdbj
7KNI,in both pdbe and pdbj
7KX5,in both pdbe and pdbj
7KYU,in both pdbe and pdbj
6ZLR,not in pdbe but in pdbj
7B3B,in both pdbe and pdbj
7B3C,in both pdbe and pdbj
7B3D,in both pdbe and pdbj
7DMU,not in pdbe but in pdbj
7JPY,in both pdbe and pdbj
7JPZ,in both pdbe and pdbj
7JQ0,in both pdbe and pdbj
7JQ1,in both pdbe and pdbj
7JQ2,in both pdbe and pdbj
7JQ3,in both pdbe and pdbj
7JQ4,in both pdbe and pdbj
7JQ5,in both pdbe and pdbj
7L02,in both pdbe and pdbj
7L06,in both pdbe and pdbj
7L09,in both pdbe and pdbj
7L5D,in both pdbe and pdbj
7L6R,in both pdbe and pdbj
7L6T,in both pdbe and pdbj
5S18,in both pdbe and pdbj
5S1A,in both pdbe and pdbj
5S1C,in both pdbe and pdbj
5S1E,in both pdbe and pdbj
5S1G,in both pdbe and pdbj
5S1I,in both pdbe and pdbj
5S1K,in both pdbe and pdbj
5S1M,in both pdbe and pdbj
5S1O,in both pdbe and pdbj
5S1Q,in both pdbe and pdbj
5S1S,in both pdbe and pdbj
5S1U,in both pdbe and pdbj
5S1W,in both pdbe and pdbj
5S1Y,in both pdbe and pdbj
5S20,in both pdbe and pdbj
5S22,in both pdbe and pdbj
5S24,in both pdbe and pdbj
5S26,in both pdbe and pdbj
5S27,in both pdbe and pdbj
5S28,in both pdbe and pdbj
5S29,in both pdbe and pdbj
5S2A,in both pdbe and pdbj
5S2B,in both pdbe and pdbj
5S2C,in both pdbe and pdbj
5S2D,in both pdbe and pdbj
5S2E,in both pdbe and pdbj
5S2F,in both pdbe and pdbj
5S2G,in both pdbe and pdbj
5S2H,in both pdbe and pdbj
5S2I,in both pdbe and pdbj
5S2J,in both pdbe and pdbj
5S2K,in both pdbe and pdbj
5S2L,in both pdbe and pdbj
5S2M,in both pdbe and pdbj
5S2N,in both pdbe and pdbj
5S2O,in both pdbe and pdbj
5S2P,in both pdbe and pdbj
5S2Q,in both pdbe and pdbj
5S2R,in both pdbe and pdbj
5S2S,in both pdbe and pdbj
5S2T,in both pdbe and pdbj
5S2U,in both pdbe and pdbj
5S2V,in both pdbe and pdbj
5S2W,in both pdbe and pdbj
5S2X,in both pdbe and pdbj
5S2Y,in both pdbe and pdbj
5S2Z,in both pdbe and pdbj
5S30,in both pdbe and pdbj
5S31,in both pdbe and pdbj
5S32,in both pdbe and pdbj
5S33,in both pdbe and pdbj
5S34,in both pdbe and pdbj
5S35,in both pdbe and pdbj
5S36,in both pdbe and pdbj
5S37,in both pdbe and pdbj
5S38,in both pdbe and pdbj
5S39,in both pdbe and pdbj
5S3A,in both pdbe and pdbj
5S3B,in both pdbe and pdbj
5S3C,in both pdbe and pdbj
5S3D,in both pdbe and pdbj
5S3E,in both pdbe and pdbj
5S3F,in both pdbe and pdbj
5S3G,in both pdbe and pdbj
5S3H,in both pdbe and pdbj
5S3I,in both pdbe and pdbj
5S3J,in both pdbe and pdbj
5S3K,in both pdbe and pdbj
5S3L,in both pdbe and pdbj
5S3M,in both pdbe and pdbj
5S3N,in both pdbe and pdbj
5S3O,in both pdbe and pdbj
5S3P,in both pdbe and pdbj
5S3Q,in both pdbe and pdbj
5S3R,in both pdbe and pdbj
5S3S,in both pdbe and pdbj
5S3T,in both pdbe and pdbj
5S3U,in both pdbe and pdbj
5S3V,in both pdbe and pdbj
5S3W,in both pdbe and pdbj
5S3X,in both pdbe and pdbj
5S3Y,in both pdbe and pdbj
5S3Z,in both pdbe and pdbj
5S40,in both pdbe and pdbj
5S41,in both pdbe and pdbj
5S42,in both pdbe and pdbj
5S43,in both pdbe and pdbj
5S44,in both pdbe and pdbj
5S45,in both pdbe and pdbj
5S46,in both pdbe and pdbj
5S47,in both pdbe and pdbj
5S48,in both pdbe and pdbj
5S49,in both pdbe and pdbj
5S4A,in both pdbe and pdbj
5S4B,in both pdbe and pdbj
5S4C,in both pdbe and pdbj
5S4D,in both pdbe and pdbj
5S4E,in both pdbe and pdbj
5S4F,in both pdbe and pdbj
5S4G,in both pdbe and pdbj
5S4H,in both pdbe and pdbj
5S4I,in both pdbe and pdbj
5S4J,in both pdbe and pdbj
5S4K,in both pdbe and pdbj
5S73,in both pdbe and pdbj
5S74,in both pdbe and pdbj
7B3E,in both pdbe and pdbj
7B83,in both pdbe and pdbj
7BF3,in both pdbe and pdbj
7BF4,in both pdbe and pdbj
7BF5,in both pdbe and pdbj
7BF6,in both pdbe and pdbj
7K0F,in both pdbe and pdbj
7CM4,not in pdbe but in pdbj
7KGO,in both pdbe and pdbj
7KGP,in both pdbe and pdbj
7KGQ,in both pdbe and pdbj
7KGR,in both pdbe and pdbj
7KGS,in both pdbe and pdbj
7KGT,in both pdbe and pdbj
7KN5,not in pdbe but in pdbj
7KN6,not in pdbe but in pdbj
7KN7,not in pdbe but in pdbj
7KSG,in both pdbe and pdbj
7LB7,in both pdbe and pdbj
7LDX,in both pdbe and pdbj
7C8J,not in pdbe but in pdbj
7CWL,in both pdbe and pdbj
7DE1,in both pdbe and pdbj
7KMG,not in pdbe but in pdbj
7KMH,not in pdbe but in pdbj
7KMI,not in pdbe but in pdbj
7LCN,in both pdbe and pdbj
7LD1,in both pdbe and pdbj
7LGO,in both pdbe and pdbj
7BNM,in both pdbe and pdbj
7BNN,in both pdbe and pdbj
7BNO,in both pdbe and pdbj
7KGJ,not in pdbe but in pdbj
7KGK,not in pdbe but in pdbj
7KLW,not in pdbe but in pdbj
7KXJ,in both pdbe and pdbj
7KXK,in both pdbe and pdbj
7KZB,not in pdbe but in pdbj
7L3N,in both pdbe and pdbj
7LFE,in both pdbe and pdbj
7LFP,in both pdbe and pdbj
7LFZ,in both pdbe and pdbj
7LG0,not in pdbe but in pdbj
7LG2,in both pdbe and pdbj
7LG3,in both pdbe and pdbj
7B17,not in pdbe but in pdbj
7KLG,not in pdbe but in pdbj
7KLH,not in pdbe but in pdbj
7KMK,in both pdbe and pdbj
7KML,in both pdbe and pdbj
7KS9,in both pdbe and pdbj
7L0D,in both pdbe and pdbj
7L1F,in both pdbe and pdbj
7L2C,not in pdbe but in pdbj
7L5B,not in pdbe but in pdbj
7BH9,not in pdbe but in pdbj
7D2Z,not in pdbe but in pdbj
7D30,not in pdbe but in pdbj
7DPM,not in pdbe but in pdbj
7KXB,in both pdbe and pdbj
7L0N,not in pdbe but in pdbj
7LG7,in both pdbe and pdbj
7LKR,in both pdbe and pdbj
7LKS,in both pdbe and pdbj
7LKT,in both pdbe and pdbj
7LKU,in both pdbe and pdbj
7LKV,in both pdbe and pdbj
7LKW,in both pdbe and pdbj
7LKX,in both pdbe and pdbj
7CAC,in both pdbe and pdbj
7L7F,not in pdbe but in pdbj
7L7K,in both pdbe and pdbj
7LBN,in both pdbe and pdbj
7LBR,in both pdbe and pdbj
7LBS,in both pdbe and pdbj
7LLF,in both pdbe and pdbj
7LLZ,in both pdbe and pdbj
7LOS,in both pdbe and pdbj
7NFV,in both pdbe and pdbj
7AQE,in both pdbe and pdbj
7BB2,in both pdbe and pdbj
7BE7,in both pdbe and pdbj
7BEH,not in pdbe but in pdbj
7BEI,not in pdbe but in pdbj
7BEJ,not in pdbe but in pdbj
7BEK,not in pdbe but in pdbj
7BEL,not in pdbe but in pdbj
7BEM,not in pdbe but in pdbj
7BEN,not in pdbe but in pdbj
7BEO,not in pdbe but in pdbj
7BEP,not in pdbe but in pdbj
7BFB,in both pdbe and pdbj
7BGP,in both pdbe and pdbj
7CI3,in both pdbe and pdbj
7JST,in both pdbe and pdbj
7L10,in both pdbe and pdbj
7L11,in both pdbe and pdbj
7L12,in both pdbe and pdbj
7L13,in both pdbe and pdbj
7L14,in both pdbe and pdbj
7LOP,not in pdbe but in pdbj
7LTJ,in both pdbe and pdbj
7NBR,in both pdbe and pdbj
7NBS,in both pdbe and pdbj
7NBY,in both pdbe and pdbj
7ND3,in both pdbe and pdbj
7ND4,in both pdbe and pdbj
7ND5,in both pdbe and pdbj
7ND6,in both pdbe and pdbj
7ND7,in both pdbe and pdbj
7ND8,in both pdbe and pdbj
7ND9,in both pdbe and pdbj
7NDA,in both pdbe and pdbj
7NDB,in both pdbe and pdbj
7NDC,in both pdbe and pdbj
7NDD,in both pdbe and pdbj
7NEG,not in pdbe but in pdbj
7NEH,not in pdbe but in pdbj
7NEV,in both pdbe and pdbj
5ROB,in both pdbe and pdbj
7CZP,in both pdbe and pdbj
7CZQ,in both pdbe and pdbj
7CZR,in both pdbe and pdbj
7CZS,in both pdbe and pdbj
7CZT,in both pdbe and pdbj
7CZU,in both pdbe and pdbj
7CZV,in both pdbe and pdbj
7CZW,in both pdbe and pdbj
7CZX,in both pdbe and pdbj
7CZY,in both pdbe and pdbj
7CZZ,in both pdbe and pdbj
7D00,in both pdbe and pdbj
7D03,in both pdbe and pdbj
7D0B,in both pdbe and pdbj
7D0C,in both pdbe and pdbj
7D0D,in both pdbe and pdbj
7JSU,in both pdbe and pdbj
7JT0,in both pdbe and pdbj
7JW8,in both pdbe and pdbj
7LAB,in both pdbe and pdbj
7E35,in both pdbe and pdbj
7EAM,not in pdbe but in pdbj
7JT7,in both pdbe and pdbj
7LAA,in both pdbe and pdbj
7LS9,in both pdbe and pdbj
7LSS,in both pdbe and pdbj
7LTU,in both pdbe and pdbj
7LUX,in both pdbe and pdbj
7LUZ,in both pdbe and pdbj
7LV2,in both pdbe and pdbj
7LYH,in both pdbe and pdbj
7LYI,in both pdbe and pdbj
7NIO,in both pdbe and pdbj
7CR5,in both pdbe and pdbj
7DCD,in both pdbe and pdbj
7E7B,in both pdbe and pdbj
7E7D,in both pdbe and pdbj
7KRR,in both pdbe and pdbj
7KRS,in both pdbe and pdbj
7L2D,in both pdbe and pdbj
7L2E,in both pdbe and pdbj
7L2F,in both pdbe and pdbj
7LQV,in both pdbe and pdbj
7LQW,in both pdbe and pdbj
7LZT,in both pdbe and pdbj
7LZU,in both pdbe and pdbj
7LZV,in both pdbe and pdbj
7LZW,in both pdbe and pdbj
7LZX,in both pdbe and pdbj
7LZY,in both pdbe and pdbj
7LZZ,in both pdbe and pdbj
7M00,in both pdbe and pdbj
7M01,in both pdbe and pdbj
7M02,in both pdbe and pdbj
7M03,in both pdbe and pdbj
7M04,in both pdbe and pdbj
7M1Y,in both pdbe and pdbj
7NN0,in both pdbe and pdbj
7DEO,not in pdbe but in pdbj
7DET,not in pdbe but in pdbj
7DEU,not in pdbe but in pdbj
7DWX,in both pdbe and pdbj
7DWY,in both pdbe and pdbj
7DWZ,in both pdbe and pdbj
7DX0,in both pdbe and pdbj
7DX1,in both pdbe and pdbj
7DX2,in both pdbe and pdbj
7DX3,in both pdbe and pdbj
7DX5,in both pdbe and pdbj
7DX6,in both pdbe and pdbj
7DX7,in both pdbe and pdbj
7DX8,in both pdbe and pdbj
7DX9,in both pdbe and pdbj
7EAN,not in pdbe but in pdbj
7KRQ,in both pdbe and pdbj
7LJR,in both pdbe and pdbj
7LM8,not in pdbe but in pdbj
7LO4,not in pdbe but in pdbj
7LWI,in both pdbe and pdbj
7LWJ,in both pdbe and pdbj
7LWK,in both pdbe and pdbj
7LWL,in both pdbe and pdbj
7LWM,in both pdbe and pdbj
7LWN,in both pdbe and pdbj
7LWO,in both pdbe and pdbj
7LWP,in both pdbe and pdbj
7LWQ,in both pdbe and pdbj
7LWS,in both pdbe and pdbj
7LWT,in both pdbe and pdbj
7LWU,in both pdbe and pdbj
7LWV,in both pdbe and pdbj
7LWW,in both pdbe and pdbj
7LYK,in both pdbe and pdbj
7LYL,in both pdbe and pdbj
7LYM,in both pdbe and pdbj
7LYN,in both pdbe and pdbj
7LYO,in both pdbe and pdbj
7LYP,in both pdbe and pdbj
7LYQ,in both pdbe and pdbj
7M0J,in both pdbe and pdbj
7M4R,in both pdbe and pdbj
7CA8,in both pdbe and pdbj
7D4G,not in pdbe but in pdbj
7E3J,not in pdbe but in pdbj
7MBG,in both pdbe and pdbj
7NF5,in both pdbe and pdbj
7NG3,in both pdbe and pdbj
7NG6,in both pdbe and pdbj
7NNG,in both pdbe and pdbj
7NX6,not in pdbe but in pdbj
7NX7,not in pdbe but in pdbj
7NX8,not in pdbe but in pdbj
7NX9,not in pdbe but in pdbj
7NXA,not in pdbe but in pdbj
7NXB,not in pdbe but in pdbj
7NXC,not in pdbe but in pdbj
7L56,in both pdbe and pdbj
7L57,in both pdbe and pdbj
7L58,in both pdbe and pdbj
7LKD,in both pdbe and pdbj
7LKE,in both pdbe and pdbj
7LMC,in both pdbe and pdbj
7LXW,not in pdbe but in pdbj
7LXX,not in pdbe but in pdbj
7LXY,in both pdbe and pdbj
7LXZ,in both pdbe and pdbj
7LY0,not in pdbe but in pdbj
7LY2,in both pdbe and pdbj
7LY3,not in pdbe but in pdbj
7ME0,in both pdbe and pdbj
7D7K,in both pdbe and pdbj
7D7L,in both pdbe and pdbj
7DX4,not in pdbe but in pdbj
7KRN,in both pdbe and pdbj
7KRO,in both pdbe and pdbj
7KRP,in both pdbe and pdbj
7LGD,in both pdbe and pdbj
7B14,not in pdbe but in pdbj
7B18,in both pdbe and pdbj
7B62,not in pdbe but in pdbj
7NT9,in both pdbe and pdbj
7NTA,in both pdbe and pdbj
7NTC,in both pdbe and pdbj
7CAM,in both pdbe and pdbj
7CB7,in both pdbe and pdbj
7E23,not in pdbe but in pdbj
7LDJ,not in pdbe but in pdbj
7LW3,in both pdbe and pdbj
7LW4,in both pdbe and pdbj
7LX5,not in pdbe but in pdbj
7M6D,not in pdbe but in pdbj
7M6E,in both pdbe and pdbj
7M6F,in both pdbe and pdbj
7M6G,in both pdbe and pdbj
7M6H,in both pdbe and pdbj
7M6I,in both pdbe and pdbj
7M7W,not in pdbe but in pdbj
7M8K,in both pdbe and pdbj
7MC5,in both pdbe and pdbj
7MC6,in both pdbe and pdbj
7B27,not in pdbe but in pdbj
7DHG,in both pdbe and pdbj
7DPP,in both pdbe and pdbj
7DPU,in both pdbe and pdbj
7DPV,in both pdbe and pdbj
7M3I,not in pdbe but in pdbj
7MF1,not in pdbe but in pdbj
7MHF,in both pdbe and pdbj
7MHG,in both pdbe and pdbj
7MHH,in both pdbe and pdbj
7MHI,in both pdbe and pdbj
7MHJ,in both pdbe and pdbj
7MHK,in both pdbe and pdbj
7MHL,in both pdbe and pdbj
7MHM,in both pdbe and pdbj
7MHN,in both pdbe and pdbj
7MHO,in both pdbe and pdbj
7MHP,in both pdbe and pdbj
7MHQ,in both pdbe and pdbj
7MJG,in both pdbe and pdbj
7MJH,in both pdbe and pdbj
7MJI,not in pdbe but in pdbj
7MJJ,in both pdbe and pdbj
7MJK,in both pdbe and pdbj
7MJL,not in pdbe but in pdbj
7MJM,in both pdbe and pdbj
7MJN,not in pdbe but in pdbj
7MKL,in both pdbe and pdbj
7MKM,not in pdbe but in pdbj
7MMO,not in pdbe but in pdbj
7MNG,in both pdbe and pdbj
7MPB,in both pdbe and pdbj
7NKT,not in pdbe but in pdbj
7OFS,in both pdbe and pdbj
7OFT,in both pdbe and pdbj
7OFU,in both pdbe and pdbj
7AKD,in both pdbe and pdbj
7C53,in both pdbe and pdbj
7CHO,not in pdbe but in pdbj
7CHP,not in pdbe but in pdbj
7CHS,not in pdbe but in pdbj
7DIY,in both pdbe and pdbj
7M8J,not in pdbe but in pdbj
7MRR,in both pdbe and pdbj
7E8M,not in pdbe but in pdbj
7KQB,in both pdbe and pdbj
7KQE,in both pdbe and pdbj
7LYJ,not in pdbe but in pdbj
7M53,in both pdbe and pdbj
7M71,not in pdbe but in pdbj
7M7B,not in pdbe but in pdbj
7MKB,not in pdbe but in pdbj
7MKY,not in pdbe but in pdbj
7MSW,in both pdbe and pdbj
7MSX,in both pdbe and pdbj
7BAJ,in both pdbe and pdbj
7BAK,in both pdbe and pdbj
7BAL,in both pdbe and pdbj
7DZW,in both pdbe and pdbj
7DZX,not in pdbe but in pdbj
7DZY,in both pdbe and pdbj
7MFU,not in pdbe but in pdbj
7N06,in both pdbe and pdbj
7N0G,in both pdbe and pdbj
7N0H,in both pdbe and pdbj
7N0R,in both pdbe and pdbj
7O7Y,in both pdbe and pdbj
7O7Z,in both pdbe and pdbj
7O80,in both pdbe and pdbj
7O81,in both pdbe and pdbj
5SA4,in both pdbe and pdbj
5SA5,in both pdbe and pdbj
5SA6,in both pdbe and pdbj
5SA7,in both pdbe and pdbj
5SA8,in both pdbe and pdbj
5SA9,in both pdbe and pdbj
5SAA,in both pdbe and pdbj
5SAB,in both pdbe and pdbj
5SAC,in both pdbe and pdbj
5SAD,in both pdbe and pdbj
5SAE,in both pdbe and pdbj
5SAF,in both pdbe and pdbj
5SAG,in both pdbe and pdbj
5SAH,in both pdbe and pdbj
5SAI,in both pdbe and pdbj
7CYH,not in pdbe but in pdbj
7CYP,in both pdbe and pdbj
7DJZ,not in pdbe but in pdbj
7DK0,not in pdbe but in pdbj
7E7X,not in pdbe but in pdbj
7E7Y,not in pdbe but in pdbj
7E86,not in pdbe but in pdbj
7E88,not in pdbe but in pdbj
7E8C,in both pdbe and pdbj
7E8F,not in pdbe but in pdbj
7EK6,in both pdbe and pdbj
7EQ4,in both pdbe and pdbj
7N0I,in both pdbe and pdbj
7N33,in both pdbe and pdbj
7DJR,in both pdbe and pdbj
7EXM,in both pdbe and pdbj
7MY2,in both pdbe and pdbj
7MY3,in both pdbe and pdbj
7N5Z,in both pdbe and pdbj
7N6N,in both pdbe and pdbj
7NT1,in both pdbe and pdbj
7NT2,in both pdbe and pdbj
7NT3,in both pdbe and pdbj
7NTK,in both pdbe and pdbj
7NTV,in both pdbe and pdbj
7NUK,in both pdbe and pdbj
7CUT,in both pdbe and pdbj
7CUU,in both pdbe and pdbj
7CWT,in both pdbe and pdbj
7E18,in both pdbe and pdbj
7E19,in both pdbe and pdbj
7E5Y,not in pdbe but in pdbj
7EAZ,in both pdbe and pdbj
7EB0,in both pdbe and pdbj
7EB3,in both pdbe and pdbj
7EB4,in both pdbe and pdbj
7EB5,in both pdbe and pdbj
7EJ4,in both pdbe and pdbj
7EJ5,in both pdbe and pdbj
7LC8,in both pdbe and pdbj
7M8S,not in pdbe but in pdbj
7M8T,not in pdbe but in pdbj
7M8U,in both pdbe and pdbj
7MGR,in both pdbe and pdbj
7MGS,in both pdbe and pdbj
7N89,in both pdbe and pdbj
7N8C,in both pdbe and pdbj
7DK1,in both pdbe and pdbj
7L4Z,not in pdbe but in pdbj
7M8M,in both pdbe and pdbj
7M8N,in both pdbe and pdbj
7M8O,in both pdbe and pdbj
7M8P,in both pdbe and pdbj
7M8X,in both pdbe and pdbj
7M8Y,in both pdbe and pdbj
7M8Z,in both pdbe and pdbj
7M90,in both pdbe and pdbj
7M91,in both pdbe and pdbj
7AEG,in both pdbe and pdbj
7AEH,not in pdbe but in pdbj
7EIN,in both pdbe and pdbj
7K0E,in both pdbe and pdbj
7LCO,in both pdbe and pdbj
7LCS,in both pdbe and pdbj
7LCT,in both pdbe and pdbj
7LDL,in both pdbe and pdbj
7N1Q,in both pdbe and pdbj
7N1T,in both pdbe and pdbj
7N1U,in both pdbe and pdbj
7N1V,in both pdbe and pdbj
7N1W,in both pdbe and pdbj
7N1X,in both pdbe and pdbj
7N1Y,in both pdbe and pdbj
7N3C,in both pdbe and pdbj
7N3D,in both pdbe and pdbj
7NW2,in both pdbe and pdbj
7OR9,not in pdbe but in pdbj
7ORA,not in pdbe but in pdbj
7ORB,not in pdbe but in pdbj
7R98,in both pdbe and pdbj
7LRS,not in pdbe but in pdbj
7LRT,in both pdbe and pdbj
7N8H,in both pdbe and pdbj
7N8I,not in pdbe but in pdbj
7RB0,in both pdbe and pdbj
7RB2,in both pdbe and pdbj
7BWQ,not in pdbe but in pdbj
7EGQ,in both pdbe and pdbj
7FAY,in both pdbe and pdbj
7FAZ,in both pdbe and pdbj
7KRI,in both pdbe and pdbj
7MBI,in both pdbe and pdbj
7N44,in both pdbe and pdbj
7P35,not in pdbe but in pdbj
7R6W,not in pdbe but in pdbj
7R6X,not in pdbe but in pdbj
7R7N,not in pdbe but in pdbj
7M42,not in pdbe but in pdbj
7MLZ,not in pdbe but in pdbj
7MM0,in both pdbe and pdbj
7N0B,in both pdbe and pdbj
7N0C,in both pdbe and pdbj
7N0D,in both pdbe and pdbj
7N1A,not in pdbe but in pdbj
7N1B,in both pdbe and pdbj
7N1E,in both pdbe and pdbj
7N1F,not in pdbe but in pdbj
7N6D,not in pdbe but in pdbj
7N6E,not in pdbe but in pdbj
7P3D,not in pdbe but in pdbj
7F62,not in pdbe but in pdbj
7F63,not in pdbe but in pdbj
7KM5,not in pdbe but in pdbj
7N3I,not in pdbe but in pdbj
7N62,not in pdbe but in pdbj
7N64,not in pdbe but in pdbj
7N9A,not in pdbe but in pdbj
7N9B,in both pdbe and pdbj
7N9C,in both pdbe and pdbj
7N9E,in both pdbe and pdbj
7P77,in both pdbe and pdbj
7P78,in both pdbe and pdbj
7P79,in both pdbe and pdbj
7P7A,in both pdbe and pdbj
7P7B,in both pdbe and pdbj
7R8L,not in pdbe but in pdbj
7R8M,in both pdbe and pdbj
7R8N,in both pdbe and pdbj
7R8O,in both pdbe and pdbj
7RA8,in both pdbe and pdbj
7RAL,not in pdbe but in pdbj
7LMD,in both pdbe and pdbj
7LME,in both pdbe and pdbj
7LMF,in both pdbe and pdbj
7MDW,not in pdbe but in pdbj
7ME7,not in pdbe but in pdbj
7MEJ,not in pdbe but in pdbj
7MLX,not in pdbe but in pdbj
7N9T,not in pdbe but in pdbj
7OAN,in both pdbe and pdbj
7OAO,not in pdbe but in pdbj
7OAP,not in pdbe but in pdbj
7OAQ,not in pdbe but in pdbj
7OAU,not in pdbe but in pdbj
7OAY,not in pdbe but in pdbj
7OLZ,not in pdbe but in pdbj
7RN0,in both pdbe and pdbj
7RNJ,in both pdbe and pdbj
7COT,in both pdbe and pdbj
7MY8,in both pdbe and pdbj
7OZU,in both pdbe and pdbj
7OZV,in both pdbe and pdbj
7RQG,in both pdbe and pdbj
7EU2,not in pdbe but in pdbj
7F4W,not in pdbe but in pdbj
7FDG,not in pdbe but in pdbj
7FDH,not in pdbe but in pdbj
7FDI,not in pdbe but in pdbj
7FDK,not in pdbe but in pdbj
7M2P,in both pdbe and pdbj
7OYG,in both pdbe and pdbj
7E39,not in pdbe but in pdbj
7E3B,not in pdbe but in pdbj
7E3C,not in pdbe but in pdbj
7EDF,in both pdbe and pdbj
7EDG,in both pdbe and pdbj
7EDH,in both pdbe and pdbj
7EDI,in both pdbe and pdbj
7EDJ,in both pdbe and pdbj
7EH5,in both pdbe and pdbj
7F2B,in both pdbe and pdbj
7L7D,not in pdbe but in pdbj
7L7E,not in pdbe but in pdbj
7R7H,in both pdbe and pdbj
7RW2,in both pdbe and pdbj
7E5O,not in pdbe but in pdbj
7EY0,not in pdbe but in pdbj
7EY4,not in pdbe but in pdbj
7EY5,not in pdbe but in pdbj
7EYA,not in pdbe but in pdbj
7EZV,not in pdbe but in pdbj
7N7R,in both pdbe and pdbj
7N7U,in both pdbe and pdbj
7N7W,in both pdbe and pdbj
7N7Y,in both pdbe and pdbj
7N83,in both pdbe and pdbj
7RN1,in both pdbe and pdbj
7RZC,in both pdbe and pdbj
7CYV,not in pdbe but in pdbj
7E3K,in both pdbe and pdbj
7E3L,in both pdbe and pdbj
7E3O,not in pdbe but in pdbj
7LQ7,not in pdbe but in pdbj
7MTC,in both pdbe and pdbj
7MTD,in both pdbe and pdbj
7MTE,in both pdbe and pdbj
7S3K,in both pdbe and pdbj
7S3S,in both pdbe and pdbj
7S4B,in both pdbe and pdbj
7EIZ,in both pdbe and pdbj
7KN3,not in pdbe but in pdbj
7KN4,not in pdbe but in pdbj
7L8I,in both pdbe and pdbj
7L8J,in both pdbe and pdbj
7RKU,not in pdbe but in pdbj
7RKV,in both pdbe and pdbj
7S4S,not in pdbe but in pdbj
7D64,not in pdbe but in pdbj
7DHX,not in pdbe but in pdbj
7FG2,not in pdbe but in pdbj
7FG3,not in pdbe but in pdbj
7FG7,not in pdbe but in pdbj
7K9H,not in pdbe but in pdbj
7K9I,not in pdbe but in pdbj
LABEL,not in pdbj but in pdbe
7CN4,not in pdbj but in pdbe
